uf_busca,cidade_busca,universidade_nome,campus_nome,nome,grau,turno,mensalidade,bolsa_integral_cotas,bolsa_integral_ampla,bolsa_parcial_cotas,bolsa_parcial_ampla,nota_integral_ampla,nota_integral_cotas,nota_parcial_ampla,nota_parcial_cotas
PI,Bom Jesus,Universidade Pitágoras Unopar,BOM JESUS/PI (1051532) - Centro,Administração,Bacharelado,Curso a Distância,369.00,6,2,,,586.40,536.64,,
PI,Campo Maior,Universidade Pitágoras Unopar,CAMPO MAIOR/PI (1051676) - Centro,Administração,Bacharelado,Curso a Distância,229.00,1,1,,,576.18,565.24,,
PI,Esperantina,Universidade Pitágoras Unopar,ESPERANTINA/PI (1051550) - Centro,Administração,Bacharelado,Curso a Distância,249.00,4,1,,,575.02,559.30,,
PI,Floriano,Centro Universitário Internacional - Uninter - UNINTER,PAP FLORIANO - Centro,Administração,Bacharelado,Curso a Distância,298.00,1,,1,,627.10,,567.00,
PI,Floriano,Universidade Anhanguera - UNIDERP,FLORIANO/PI (2008480) - Centro,Administração,Bacharelado,Curso a Distância,259.00,1,1,,,605.20,578.90,,
PI,Parnaiba,Centro Universitário Maurício de Nassau de Maceió - UNINASSAU MACEIÓ,POLO PARNAÍBA - Floriópolis,Administração,Bacharelado,Curso a Distância,327.65,1,,,,631.52,,,
PI,Parnaiba,Faculdade Uninassau Parnaíba,FACULDADE PIAUIENSE - Floriópolis,Administração,Bacharelado,Noturno,649.27,4,2,,,604.64,602.26,,
PI,Picos,Instituto de Educação Superior Raimundo Sá - IESRSA,INSTITUTO DE EDUCAÇÃO SUPERIOR RAIMUNDO SÁ - Altamira,Administração,Bacharelado,Vespertino,262.50,1,,,,604.20,,,
PI,Picos,Instituto de Educação Superior Raimundo Sá - IESRSA,INSTITUTO DE EDUCAÇÃO SUPERIOR RAIMUNDO SÁ - Altamira,Administração,Bacharelado,Noturno,262.50,1,1,,,607.34,639.60,,
PI,Piripiri,Christus Faculdade do Piauí - CHRISFAPI,UNIDADE SEDE - Fonte dos Matos,Administração,Bacharelado,Noturno,526.21,3,1,1,11,633.12,603.12,556.38,499.78
PI,Piripiri,Universidade Pitágoras Unopar,PIRIPIRI/PI (1051586) - Centro,Administração,Bacharelado,Curso a Distância,279.00,6,2,,,597.64,567.54,,
PI,Sao Raimundo Nonato,Universidade Pitágoras Unopar,SAO RAIMUNDO NONATO/PI (1051608) - Centro,Administração,Bacharelado,Curso a Distância,209.00,2,1,,,565.48,564.26,,
PI,Teresina,Centro de Ensino Superior do Vale do Parnaíba - Cesvale - CESVALE,UNIDADE SEDE - RIVERSIDE - Jockey Club,Administração,Bacharelado,Matutino,518.30,7,3,,,607.86,587.56,,
PI,Teresina,Centro de Ensino Unificado do Piauí - Ceupi - CEUPI,CENTRO DE ENSINO UNIFICADO DO PIAUÍ - CEUPI - Jockey Club,Administração,Bacharelado,Vespertino,669.60,1,1,3,51,624.70,574.04,506.40,509.54
PI,Teresina,Centro de Ensino Unificado do Piauí - Ceupi - CEUPI,CENTRO DE ENSINO UNIFICADO DO PIAUÍ - CEUPI - Jockey Club,Administração,Bacharelado,Noturno,669.60,1,1,3,51,594.08,571.94,503.56,499.14
PI,Teresina,Centro Universitário Cenecista de Osório - Unicnec - UNICNEC,POLO - TERESINA - Teresina,Administração,Bacharelado,Curso a Distância,333.00,1,,,,577.20,,,
PI,Teresina,Centro Universitário Maurício de Nassau de Maceió - UNINASSAU MACEIÓ,PÓLO TERESINA - Jóquei Clube,Administração,Bacharelado,Curso a Distância,327.65,1,,,,598.80,,,
PI,Teresina,Centro Universitário Uninovafapi - UNINOVAFAPI,CAMPUS - TERESINA - URUGUAI - Uruguai,Administração,Bacharelado,Noturno,667.09,3,1,,,615.72,604.96,,
PI,Teresina,Faculdade do Piauí - FAPI,CAMPUS  - TERESINA - FÁTIMA - Fátima,Administração,Bacharelado,Matutino,219.00,1,,,,580.50,,,
PI,Teresina,Faculdade do Piauí - FAPI,CAMPUS  - TERESINA - FÁTIMA - Fátima,Administração,Bacharelado,Noturno,219.00,9,3,,,600.20,582.34,,
PI,Teresina,Faculdade Estácio de Teresina - ESTÁCIO TERESINA,TERESINA - São João,Administração,Bacharelado,Matutino,684.28,1,,,,651.06,,,
PI,Teresina,Faculdade Integral Diferencial - FACID,UNIDADE SEDE - Horto Florestal,Administração,Bacharelado,Matutino,723.90,,,,22,,,533.22,
PI,Teresina,Faculdade Integral Diferencial - FACID,UNIDADE SEDE - Horto Florestal,Administração,Bacharelado,Noturno,723.90,,,,22,,,522.28,
PI,Teresina,Faculdade Santo Agostinho - FSA,UNIDADE  - TERESINA - SAO PEDRO - Sao Pedro,Administração,Bacharelado,Noturno,662.91,,,,10,,,566.18,
PI,Teresina,Faculdade Santo Agostinho - FSA,UNIDADE  - TERESINA - SAO PEDRO - Sao Pedro,Administração,Bacharelado,Matutino,561.64,,,,10,,,573.20,
PI,Teresina,Faculdade Uninassau Aliança,CAMPUS  - TERESINA - CENTRO - Centro,Administração,Bacharelado,Matutino,1003.40,4,1,,,599.62,602.84,,
PI,Teresina,Faculdade Uninassau Teresina,CAMPUS  - TERESINA - JOQUEI CLUBE - Joquei Clube,Administração,Bacharelado,Noturno,664.02,6,2,,,590.14,596.30,,
PI,Teresina,Faculdade Uninassau Teresina,CAMPUS  - TERESINA - JOQUEI CLUBE - Joquei Clube,Administração,Bacharelado,Matutino,568.11,2,1,,,612.96,594.30,,
PI,Teresina,Faculdade Unirb - Piauí,CAMPUS PRINCIPAL - Centro,Administração,Bacharelado,Matutino,500.00,1,,2,1,584.54,,554.30,547.32
PI,Teresina,Faculdade Unirb - Piauí,CAMPUS PRINCIPAL - Centro,Administração,Bacharelado,Noturno,500.00,1,,2,1,594.72,,553.32,568.60
PI,Teresina,Instituto de Ensino Superior de Teresina - IEST,UNIDADE WALFRAM - São Cristóvão,Administração,Bacharelado,Matutino,463.48,2,1,,,548.54,576.04,,
PI,Teresina,Universidade Anhanguera - UNIDERP,TERESINA/PI (7239) - Itararé,Administração,Bacharelado,Curso a Distância,279.00,4,2,,,576.54,557.46,,
PI,Teresina,Universidade Anhanguera - UNIDERP,TERESINA/PI II(2008394) - Dirceu II,Administração,Bacharelado,Curso a Distância,279.00,8,3,,,575.86,539.98,,
PI,Urucui,Centro Universitário Uninovafapi - UNINOVAFAPI,EDUCANDÁRIO NOSSA SENHORA DA CONCEIÇÃO - Centro,Administração,Bacharelado,Curso a Distância,290.00,1,,,,547.42,,,
PI,Floriano,Centro Universitário Internacional - Uninter - UNINTER,PAP FLORIANO - Centro,Análise e Desenvolvimento de Sistemas,Tecnológico,Curso a Distância,274.00,,,1,,,,590.54,
PI,Picos,Centro Universitário Internacional - Uninter - UNINTER,PAP PICOS - Canto da Várzea,Análise e Desenvolvimento de Sistemas,Tecnológico,Curso a Distância,274.00,,,1,,,,579.10,
PI,Teresina,Centro Universitário Cenecista de Osório - Unicnec - UNICNEC,POLO - TERESINA - Teresina,Análise e Desenvolvimento de Sistemas,Tecnológico,Curso a Distância,333.00,1,,,,575.16,,,
PI,Teresina,Faculdade Integral Diferencial - FACID,UNIDADE SEDE - Horto Florestal,Análise e Desenvolvimento de Sistemas,Tecnológico,Matutino,740.94,1,,,17,632.76,,541.94,
PI,Teresina,Faculdade Integral Diferencial - FACID,UNIDADE SEDE - Horto Florestal,Análise e Desenvolvimento de Sistemas,Tecnológico,Noturno,740.94,,,,17,,,517.82,
PI,Teresina,Faculdade Piauiense de Processamento de Dados - FPPD,CAMPUS  - TERESINA - SÃO CRISTOVÃO - São Cristovão,Análise e Desenvolvimento de Sistemas,Tecnológico,Matutino,473.60,2,1,,,619.96,592.92,,
PI,Teresina,Faculdade Piauiense de Processamento de Dados - FPPD,CAMPUS  - TERESINA - SÃO CRISTOVÃO - São Cristovão,Análise e Desenvolvimento de Sistemas,Tecnológico,Noturno,473.60,4,2,,,609.22,579.56,,
PI,Teresina,Universidade Paulista - UNIP,TERESINA II - Centro,Análise e Desenvolvimento de Sistemas,Tecnológico,Curso a Distância,229.00,1,,,,606.34,,,
PI,Teresina,Universidade Pitágoras Unopar,TERESINA/PI (1051619) - Centro,Análise e Desenvolvimento de Sistemas,Tecnológico,Curso a Distância,219.00,3,1,,,624.80,586.14,,
PI,Parnaiba,Faculdade Uninassau Parnaíba,FACULDADE PIAUIENSE - Floriópolis,Arquitetura e Urbanismo,Bacharelado,Noturno,967.74,3,1,,,659.78,642.28,,
PI,Teresina,Faculdade Estácio de Teresina - ESTÁCIO TERESINA,TERESINA - São João,Arquitetura e Urbanismo,Bacharelado,Matutino,1284.29,2,1,,,694.06,669.26,,
PI,Teresina,Faculdade Estácio de Teresina - ESTÁCIO TERESINA,TERESINA - São João,Arquitetura e Urbanismo,Bacharelado,Vespertino,1255.71,2,1,,,685.72,650.64,,
PI,Teresina,Faculdade Santo Agostinho - FSA,UNIDADE  - TERESINA - SAO PEDRO - Sao Pedro,Arquitetura e Urbanismo,Bacharelado,Vespertino,902.50,3,1,6,7,679.62,655.84,607.86,602.42
PI,Teresina,Faculdade Santo Agostinho - FSA,UNIDADE  - TERESINA - SAO PEDRO - Sao Pedro,Arquitetura e Urbanismo,Bacharelado,Noturno,902.50,1,1,3,1,657.24,682.84,600.28,575.78
PI,Teresina,Faculdade Uninassau Teresina,CAMPUS  - TERESINA - JOQUEI CLUBE - Joquei Clube,Arquitetura e Urbanismo,Bacharelado,Matutino,880.05,2,1,,,627.38,667.38,,
PI,Parnaiba,Faculdade Regional Brasileira - Parnaíba,UNIDADE SEDE - Piauí,Biomedicina,Bacharelado,Matutino,990.00,1,1,4,1,689.58,653.24,562.50,556.94
PI,Parnaiba,Faculdade Regional Brasileira - Parnaíba,UNIDADE SEDE - Piauí,Biomedicina,Bacharelado,Noturno,990.00,1,1,4,1,638.12,648.16,602.86,560.70
PI,Teresina,Faculdade Integral Diferencial - FACID,UNIDADE SEDE - Horto Florestal,Biomedicina,Bacharelado,Matutino,912.07,,,,16,,,583.90,
PI,Teresina,Faculdade Integral Diferencial - FACID,UNIDADE SEDE - Horto Florestal,Biomedicina,Bacharelado,Vespertino,912.07,1,,,16,717.86,,573.16,
PI,Picos,Instituto de Educação Superior Raimundo Sá - IESRSA,INSTITUTO DE EDUCAÇÃO SUPERIOR RAIMUNDO SÁ - Altamira,Ciência da Computação,Bacharelado,Matutino,309.50,0,1,,,635.94,,,
PI,Picos,Instituto de Educação Superior Raimundo Sá - IESRSA,INSTITUTO DE EDUCAÇÃO SUPERIOR RAIMUNDO SÁ - Altamira,Ciência da Computação,Bacharelado,Noturno,309.50,1,1,,,643.12,630.30,,
PI,Teresina,Faculdade do Piauí - FAPI,UNIDADE WALFRAN - São Cristóvão,Ciência da Computação,Bacharelado,Noturno,593.10,1,,,,632.02,,,
PI,Teresina,Faculdade Estácio de Teresina - ESTÁCIO TERESINA,TERESINA - São João,Ciência da Computação,Bacharelado,Matutino,798.57,3,1,,,670.72,618.22,,
PI,Teresina,Faculdade Estácio de Teresina - ESTÁCIO TERESINA,TERESINA - São João,Ciência da Computação,Bacharelado,Noturno,770.00,1,1,,,634.68,603.98,,
PI,Teresina,Instituto de Ensino Superior de Teresina - IEST,UNIDADE WALFRAM - São Cristóvão,Ciência da Computação,Bacharelado,Matutino,563.45,2,1,,,618.50,602.02,,
PI,Floriano,Centro Universitário Internacional - Uninter - UNINTER,PAP FLORIANO - Centro,Ciência Política,Bacharelado,Curso a Distância,274.00,,,1,,,,584.88,
PI,Bom Jesus,Universidade Pitágoras Unopar,BOM JESUS/PI (1051532) - Centro,Ciências Contábeis,Bacharelado,Curso a Distância,299.00,4,2,,,568.98,547.34,,
PI,Esperantina,Universidade Pitágoras Unopar,ESPERANTINA/PI (1051550) - Centro,Ciências Contábeis,Bacharelado,Curso a Distância,249.00,4,2,,,577.92,539.36,,
PI,Floriano,Centro Universitário Internacional - Uninter - UNINTER,PAP FLORIANO - Centro,Ciências Contábeis,Bacharelado,Curso a Distância,298.00,,,1,1,,,612.32,550.92
PI,Floriano,Universidade Anhanguera - UNIDERP,FLORIANO/PI (2008480) - Centro,Ciências Contábeis,Bacharelado,Curso a Distância,259.00,4,1,,,618.00,566.42,,
PI,Parnaiba,Faculdade Uninassau Parnaíba,FACULDADE PIAUIENSE - Floriópolis,Ciências Contábeis,Bacharelado,Noturno,612.37,3,1,,,645.86,616.36,,
PI,Picos,Centro Universitário Internacional - Uninter - UNINTER,PAP PICOS - Canto da Várzea,Ciências Contábeis,Bacharelado,Curso a Distância,298.00,1,,1,,504.52,,563.16,
PI,Picos,Instituto de Educação Superior Raimundo Sá - IESRSA,INSTITUTO DE EDUCAÇÃO SUPERIOR RAIMUNDO SÁ - Altamira,Ciências Contábeis,Bacharelado,Matutino,262.50,1,,,,608.88,,,
PI,Picos,Instituto de Educação Superior Raimundo Sá - IESRSA,INSTITUTO DE EDUCAÇÃO SUPERIOR RAIMUNDO SÁ - Altamira,Ciências Contábeis,Bacharelado,Noturno,262.50,1,1,,,610.82,608.04,,
PI,Picos,Universidade Pitágoras Unopar,PICOS/PI II (1051585) - Catavento,Ciências Contábeis,Bacharelado,Curso a Distância,209.00,2,1,,,617.04,589.12,,
PI,Piripiri,Christus Faculdade do Piauí - CHRISFAPI,UNIDADE SEDE - Fonte dos Matos,Ciências Contábeis,Bacharelado,Noturno,526.21,1,1,2,11,686.94,625.60,567.58,556.02
PI,Piripiri,Universidade Pitágoras Unopar,PIRIPIRI/PI (1051586) - Centro,Ciências Contábeis,Bacharelado,Curso a Distância,249.00,3,1,,,634.44,587.90,,
PI,Sao Raimundo Nonato,Universidade Pitágoras Unopar,SAO RAIMUNDO NONATO/PI (1051608) - Centro,Ciências Contábeis,Bacharelado,Curso a Distância,209.00,2,1,,,582.76,529.16,,
PI,Teresina,Centro de Ensino Superior do Vale do Parnaíba - Cesvale - CESVALE,CAMPUS  - TERESINA - ZONA RURAL - ZONA RUAL,Ciências Contábeis,Bacharelado,Noturno,573.05,12,4,,,587.02,575.66,,
PI,Teresina,Centro de Ensino Superior do Vale do Parnaíba - Cesvale - CESVALE,CAMPUS  - TERESINA - ZONA RURAL - ZONA RUAL,Ciências Contábeis,Bacharelado,Matutino,518.30,9,3,,,598.08,565.96,,
PI,Teresina,Centro Universitário Cenecista de Osório - Unicnec - UNICNEC,POLO - TERESINA - Teresina,Ciências Contábeis,Bacharelado,Curso a Distância,333.00,1,,,,586.14,,,
PI,Teresina,Faculdade do Piauí - FAPI,CAMPUS  - TERESINA - FÁTIMA - Fátima,Ciências Contábeis,Bacharelado,Matutino,463.48,2,1,,,608.98,615.48,,
PI,Teresina,Faculdade Estácio de Teresina - ESTÁCIO TERESINA,TERESINA - São João,Ciências Contábeis,Bacharelado,Noturno,712.86,1,1,,,700.64,603.12,,
PI,Teresina,Faculdade Integral Diferencial - FACID,UNIDADE SEDE - Horto Florestal,Ciências Contábeis,Bacharelado,Matutino,723.90,,,,10,,,577.40,
PI,Teresina,Faculdade Integral Diferencial - FACID,UNIDADE SEDE - Horto Florestal,Ciências Contábeis,Bacharelado,Noturno,723.90,,,,22,,,551.46,
PI,Teresina,Faculdade Santo Agostinho - FSA,UNIDADE  - TERESINA - SAO PEDRO - Sao Pedro,Ciências Contábeis,Bacharelado,Noturno,662.91,,,1,4,,,602.04,606.30
PI,Teresina,Faculdade Uninassau Teresina,CAMPUS  - TERESINA - JOQUEI CLUBE - Joquei Clube,Ciências Contábeis,Bacharelado,Matutino,664.02,2,1,,,649.46,591.00,,
PI,Teresina,Faculdade Uninassau Teresina,CAMPUS  - TERESINA - JOQUEI CLUBE - Joquei Clube,Ciências Contábeis,Bacharelado,Noturno,664.02,9,3,,,622.06,603.44,,
PI,Teresina,Instituto de Ensino Superior de Teresina - IEST,FATIMA - Fátima,Ciências Contábeis,Bacharelado,Noturno,571.46,1,1,,,586.82,597.24,,
PI,Teresina,Universidade Paulista - UNIP,TERESINA I - Centro,Ciências Contábeis,Bacharelado,Curso a Distância,169.00,24,9,,,572.52,555.80,,
PI,Teresina,Universidade Pitágoras Unopar,TERESINA/PI (1051619) - Centro,Ciências Contábeis,Bacharelado,Curso a Distância,269.00,9,3,,,572.34,557.40,,
PI,Teresina,Centro Universitário Internacional - Uninter - UNINTER,PÓLO EAD - TERESINA (PAISSANDÚ) - Centro,Comércio Exterior,Tecnológico,Curso a Distância,270.00,1,,,,539.96,,,
PI,Floriano,Centro Universitário Claretiano - Ceuclar - CEUCLAR,POLO CLARETIANO DE FLORIANO - Centro,Computação,Licenciatura,Curso a Distância,299.00,1,,,,564.52,,,
PI,Teresina,Instituto de Ensino Superior de Teresina - IEST,FATIMA - Fátima,Comunicação e Ilustração Digital,Tecnológico,Matutino,473.60,2,1,,,611.74,571.54,,
PI,Teresina,Instituto de Ensino Superior de Teresina - IEST,FATIMA - Fátima,Comunicação Empresarial,Tecnológico,Noturno,473.60,2,1,,,579.80,560.80,,
PI,Teresina,Faculdade do Piauí - FAPI,CAMPUS  - TERESINA - FÁTIMA - Fátima,Comunicação Social - Publicidade e Propaganda,Bacharelado,Noturno,521.97,1,,,,606.70,,,
PI,Teresina,Faculdade do Piauí - FAPI,CAMPUS  - TERESINA - FÁTIMA - Fátima,Comunicação Social - Publicidade e Propaganda,Bacharelado,Matutino,443.24,2,1,,,600.72,609.40,,
PI,Teresina,Faculdade Estácio de Teresina - ESTÁCIO TERESINA,TERESINA - São João,Comunicação Social - Publicidade e Propaganda,Bacharelado,Noturno,798.57,2,1,,,621.36,605.94,,
PI,Teresina,Instituto de Ensino Superior de Teresina - IEST,FATIMA - Fátima,Comunicação Social - Publicidade e Propaganda,Bacharelado,Noturno,521.98,1,1,,,586.88,585.84,,
PI,Teresina,Faculdade Uninassau Teresina,CAMPUS  - TERESINA - JOQUEI CLUBE - Joquei Clube,Design,Bacharelado,Matutino,607.94,5,2,,,630.34,589.78,,
PI,Teresina,Faculdade Integral Diferencial - FACID,UNIDADE SEDE - Horto Florestal,Design de Interiores,Tecnológico,Matutino,602.24,1,,,,581.88,,,
PI,Teresina,Faculdade Integral Diferencial - FACID,UNIDADE SEDE - Horto Florestal,Design de Interiores,Tecnológico,Noturno,602.24,,,,16,,,536.50,
PI,Teresina,Instituto de Ciências Jurídicas e Sociais Professor Camillo Filho - ICF,PRÉDIO I - UNIDADE SEDE - Jóquei Clube,Design de Interiores,Tecnológico,Noturno,582.09,3,1,,,675.02,606.76,,
PI,Teresina,Centro Universitário Uninovafapi - UNINOVAFAPI,CAMPUS - TERESINA - URUGUAI - Uruguai,Design de Moda,Tecnológico,Noturno,472.21,1,1,,,585.04,588.52,,
PI,Teresina,Faculdade Integral Diferencial - FACID,UNIDADE SEDE - Horto Florestal,Design de Moda,Tecnológico,Noturno,534.32,,,,16,,,536.62,
PI,Teresina,Faculdade Integral Diferencial - FACID,UNIDADE SEDE - Horto Florestal,Design Gráfico,Tecnológico,Noturno,769.16,,,,12,,,552.06,
PI,Parnaiba,Faculdade Uninassau Parnaíba,FACULDADE PIAUIENSE - Floriópolis,Direito,Bacharelado,Matutino,944.38,3,1,,,673.98,628.38,,
PI,Parnaiba,Faculdade Uninassau Parnaíba,FACULDADE PIAUIENSE - Floriópolis,Direito,Bacharelado,Noturno,944.38,7,3,,,655.56,648.26,,
PI,Picos,Instituto de Educação Superior Raimundo Sá - IESRSA,INSTITUTO DE EDUCAÇÃO SUPERIOR RAIMUNDO SÁ - Altamira,Direito,Bacharelado,Vespertino,372.50,1,1,,,654.80,648.72,,
PI,Picos,Instituto de Educação Superior Raimundo Sá - IESRSA,INSTITUTO DE EDUCAÇÃO SUPERIOR RAIMUNDO SÁ - Altamira,Direito,Bacharelado,Noturno,372.50,1,1,,,687.08,675.28,,
PI,Piripiri,Christus Faculdade do Piauí - CHRISFAPI,UNIDADE SEDE - Fonte dos Matos,Direito,Bacharelado,Noturno,796.44,2,1,3,11,696.58,667.16,621.22,607.20
PI,Teresina,Centro de Ensino Superior do Vale do Parnaíba - Cesvale - CESVALE,UNIDADE SEDE - RIVERSIDE - Jockey Club,Direito,Bacharelado,Noturno,998.12,8,3,,,631.16,621.12,,
PI,Teresina,Centro de Ensino Superior do Vale do Parnaíba - Cesvale - CESVALE,UNIDADE SEDE - RIVERSIDE - Jockey Club,Direito,Bacharelado,Vespertino,831.10,2,1,,,668.28,638.78,,
PI,Teresina,Centro Universitário Uninovafapi - UNINOVAFAPI,CAMPUS - TERESINA - URUGUAI - Uruguai,Direito,Bacharelado,Matutino,840.86,2,1,,,720.92,655.92,,
PI,Teresina,Centro Universitário Uninovafapi - UNINOVAFAPI,CAMPUS - TERESINA - URUGUAI - Uruguai,Direito,Bacharelado,Vespertino,840.86,5,2,,,715.26,655.54,,
PI,Teresina,Faculdade do Piauí - FAPI,CAMPUS  - TERESINA - FÁTIMA - Fátima,Direito,Bacharelado,Matutino,722.98,2,1,,,645.22,632.20,,
PI,Teresina,Faculdade Estácio de Teresina - ESTÁCIO TERESINA,TERESINA - São João,Direito,Bacharelado,Matutino,998.57,5,2,,,675.50,644.12,,
PI,Teresina,Faculdade Estácio de Teresina - ESTÁCIO TERESINA,TERESINA - São João,Direito,Bacharelado,Noturno,998.57,8,3,,,650.12,634.48,,
PI,Teresina,Faculdade Estácio de Teresina - ESTÁCIO TERESINA,TERESINA - São João,Direito,Bacharelado,Vespertino,970.00,6,2,,,665.62,639.02,,
PI,Teresina,Faculdade Santo Agostinho - FSA,ANEXO II - São Pedro,Direito,Bacharelado,Vespertino,896.85,1,,1,9,677.96,,634.72,654.86
PI,Teresina,Faculdade Santo Agostinho - FSA,ANEXO II - São Pedro,Direito,Bacharelado,Noturno,896.85,,,,10,,,617.74,
PI,Teresina,Faculdade Uninassau Teresina,CAMPUS  - TERESINA - JOQUEI CLUBE - Joquei Clube,Direito,Bacharelado,Noturno,900.12,8,3,,,670.76,634.96,,
PI,Teresina,Instituto de Ciências Jurídicas e Sociais Professor Camillo Filho - ICF,PRÉDIO I - UNIDADE SEDE - Jóquei Clube,Direito,Bacharelado,Vespertino,1038.30,1,1,,,734.14,716.62,,
PI,Teresina,Instituto de Ciências Jurídicas e Sociais Professor Camillo Filho - ICF,PRÉDIO I - UNIDADE SEDE - Jóquei Clube,Direito,Bacharelado,Noturno,1038.30,3,1,,,709.52,670.06,,
PI,Teresina,Instituto de Ensino Superior de Teresina - IEST,FATIMA - Fátima,Direito,Bacharelado,Matutino,722.98,6,2,,,627.50,620.58,,
PI,Teresina,Instituto de Ensino Superior de Teresina - IEST,FATIMA - Fátima,Direito,Bacharelado,Noturno,477.45,12,4,,,627.40,614.28,,
PI,Agua Branca,Faculdade Superior de Ensino Programus - ISEPRO,UNIDADE SEDE - ISEPRO - Centro,Educação Física,Bacharelado,Noturno,279.00,0,1,1,2,604.24,,561.16,545.92
PI,Campo Maior,Universidade Pitágoras Unopar,CAMPO MAIOR/PI (1051676) - Centro,Educação Física,Licenciatura,Curso a Distância,209.00,2,1,,,596.20,593.74,,
PI,Esperantina,Universidade Pitágoras Unopar,ESPERANTINA/PI (1051550) - Centro,Educação Física,Licenciatura,Curso a Distância,209.00,3,1,,,548.16,550.98,,
PI,Floriano,Centro Universitário Claretiano - Ceuclar - CEUCLAR,POLO CLARETIANO DE FLORIANO - Centro,Educação Física,Licenciatura,Curso a Distância,385.00,1,,,,545.72,,,
PI,Floriano,Universidade Anhanguera - UNIDERP,FLORIANO/PI (2008480) - Centro,Educação Física,Licenciatura,Curso a Distância,209.00,1,,,,606.42,,,
PI,Parnaiba,Faculdade Regional Brasileira - Parnaíba,UNIDADE SEDE - Piauí,Educação Física,Licenciatura,Matutino,550.00,1,,2,1,588.62,,554.08,565.96
PI,Parnaiba,Faculdade Regional Brasileira - Parnaíba,UNIDADE SEDE - Piauí,Educação Física,Licenciatura,Noturno,550.00,1,1,3,1,592.42,561.66,567.10,558.78
PI,Parnaiba,Faculdade Uninassau Parnaíba,FACULDADE PIAUIENSE - Floriópolis,Educação Física,Bacharelado,Matutino,640.14,1,1,,,592.88,579.50,,
PI,Parnaiba,Faculdade Uninassau Parnaíba,FACULDADE PIAUIENSE - Floriópolis,Educação Física,Bacharelado,Noturno,640.14,3,1,,,615.92,585.84,,
PI,Piripiri,Universidade Pitágoras Unopar,PIRIPIRI/PI (1051586) - Centro,Educação Física,Licenciatura,Curso a Distância,449.00,11,4,,,575.72,562.36,,
PI,Sao Raimundo Nonato,Universidade Pitágoras Unopar,SAO RAIMUNDO NONATO/PI (1051608) - Centro,Educação Física,Licenciatura,Curso a Distância,209.00,1,,,,536.88,,,
PI,Teresina,Centro Universitário Cenecista de Osório - Unicnec - UNICNEC,POLO - TERESINA - Teresina,Educação Física,Licenciatura,Curso a Distância,333.00,1,,,,554.56,,,
PI,Teresina,Centro Universitário Uninovafapi - UNINOVAFAPI,CAMPUS - TERESINA - URUGUAI - Uruguai,Educação Física,Bacharelado,Noturno,493.24,3,1,,,662.64,595.36,,
PI,Teresina,Faculdade Estácio de Teresina - ESTÁCIO TERESINA,TERESINA - São João,Educação Física,Bacharelado,Matutino,712.86,3,1,,,620.30,591.70,,
PI,Teresina,Faculdade Estácio de Teresina - ESTÁCIO TERESINA,TERESINA - São João,Educação Física,Bacharelado,Noturno,712.86,3,1,,,613.64,577.88,,
PI,Teresina,Faculdade Santo Agostinho - FSA,UNIDADE  - TERESINA - SAO PEDRO - Sao Pedro,Educação Física,Bacharelado,Noturno,585.53,,,,10,,,577.66,
PI,Teresina,Faculdade Uninassau Aliança,CAMPUS  - TERESINA - CENTRO - Centro,Educação Física,Bacharelado,Matutino,612.38,1,1,,,613.24,593.12,,
PI,Teresina,Faculdade Uninassau Aliança,CAMPUS  - TERESINA - CENTRO - Centro,Educação Física,Bacharelado,Noturno,612.38,4,1,,,610.28,597.74,,
PI,Teresina,Faculdade Unirb - Teresina - FCC,CAMPUS PRINCIPAL - Centro,Educação Física,Bacharelado,Matutino,610.00,1,,2,1,579.28,,562.18,549.22
PI,Teresina,Faculdade Unirb - Teresina - FCC,CAMPUS PRINCIPAL - Centro,Educação Física,Bacharelado,Noturno,610.00,1,,2,1,578.42,,569.18,544.56
PI,Teresina,Instituto de Ensino Superior de Teresina - IEST,UNIDADE WALFRAM - São Cristóvão,Educação Física,Bacharelado,Matutino,506.52,2,1,,,599.10,581.90,,
PI,Teresina,Universidade Pitágoras Unopar,TERESINA/PI (1051619) - Centro,Educação Física,Licenciatura,Curso a Distância,259.00,4,2,,,576.48,568.60,,
PI,Floriano,Faculdade de Ensino Superior de Floriano - FAESF,ARUDA BUCAR - REDE NOVA,Enfermagem,Bacharelado,Matutino,967.58,1,,,,626.52,,,
PI,Parnaiba,Faculdade Regional Brasileira - Parnaíba,UNIDADE SEDE - Piauí,Enfermagem,Bacharelado,Matutino,1100.00,2,1,5,2,619.36,612.04,573.04,540.30
PI,Parnaiba,Faculdade Regional Brasileira - Parnaíba,UNIDADE SEDE - Piauí,Enfermagem,Bacharelado,Noturno,1100.00,2,1,5,2,618.60,617.30,564.38,517.24
PI,Parnaiba,Faculdade Uninassau Parnaíba,FACULDADE PIAUIENSE - Floriópolis,Enfermagem,Bacharelado,Matutino,1003.40,5,2,,,630.90,620.94,,
PI,Parnaiba,Faculdade Uninassau Parnaíba,FACULDADE PIAUIENSE - Floriópolis,Enfermagem,Bacharelado,Noturno,1003.40,6,2,,,636.04,627.12,,
PI,Piripiri,Christus Faculdade do Piauí - CHRISFAPI,UNIDADE SEDE - Fonte dos Matos,Enfermagem,Bacharelado,Vespertino,904.28,3,1,5,12,638.12,648.42,574.44,557.62
PI,Teresina,Centro Universitário Uninovafapi - UNINOVAFAPI,CAMPUS - TERESINA - URUGUAI - Uruguai,Enfermagem,Bacharelado,Matutino,817.97,1,1,,,678.64,683.40,,
PI,Teresina,Faculdade do Piauí - FAPI,UNIDADE WALFRAN - São Cristóvão,Enfermagem,Bacharelado,Noturno,755.45,4,2,,,625.04,612.12,,
PI,Teresina,Faculdade Estácio de Teresina - ESTÁCIO TERESINA,TERESINA - São João,Enfermagem,Bacharelado,Noturno,1027.14,4,1,,,652.72,619.54,,
PI,Teresina,Faculdade Estácio de Teresina - ESTÁCIO TERESINA,TERESINA - São João,Enfermagem,Bacharelado,Matutino,998.57,7,3,,,651.38,630.40,,
PI,Teresina,Faculdade Integral Diferencial - FACID,UNIDADE SEDE - Horto Florestal,Enfermagem,Bacharelado,Matutino,1050.68,,,,18,,,585.00,
PI,Teresina,Faculdade Santo Agostinho - FSA,UNIDADE  - TERESINA - SAO PEDRO - Sao Pedro,Enfermagem,Bacharelado,Matutino,880.31,,,,10,,,581.50,
PI,Teresina,Faculdade Santo Agostinho - FSA,UNIDADE  - TERESINA - SAO PEDRO - Sao Pedro,Enfermagem,Bacharelado,Vespertino,880.31,,,,10,,,585.08,
PI,Teresina,Faculdade Uninassau Aliança,CAMPUS  - TERESINA - CENTRO - Centro,Enfermagem,Bacharelado,Matutino,988.65,1,1,,,644.10,646.04,,
PI,Teresina,Faculdade Uninassau Teresina,CAMPUS  - TERESINA - JOQUEI CLUBE - Joquei Clube,Enfermagem,Bacharelado,Matutino,988.66,6,2,,,633.32,624.42,,
PI,Teresina,Faculdade Uninassau Teresina,CAMPUS  - TERESINA - JOQUEI CLUBE - Joquei Clube,Enfermagem,Bacharelado,Noturno,988.66,6,2,,,634.26,610.22,,
PI,Teresina,Faculdade Unirb - Piauí,CAMPUS PRINCIPAL - Centro,Enfermagem,Bacharelado,Matutino,760.00,1,1,4,1,617.54,625.64,578.00,567.90
PI,Teresina,Faculdade Unirb - Piauí,CAMPUS PRINCIPAL - Centro,Enfermagem,Bacharelado,Noturno,760.00,1,1,4,1,581.28,588.82,556.98,545.02
PI,Teresina,Instituto de Ciências Jurídicas e Sociais Professor Camillo Filho - ICF,PRÉDIO IV - Jóquei,Enfermagem,Bacharelado,Vespertino,945.82,1,,,,643.92,,,
PI,Teresina,Instituto de Ensino Superior de Teresina - IEST,UNIDADE WALFRAM - São Cristóvão,Enfermagem,Bacharelado,Noturno,755.45,8,3,,,607.26,592.86,,
PI,Teresina,Universidade Paulista - UNIP,TERESINA I - Centro,Enfermagem,Bacharelado,Curso a Distância,349.00,1,1,,,610.48,594.78,,
PI,Teresina,Faculdade Integral Diferencial - FACID,UNIDADE SEDE - Horto Florestal,Engenharia Ambiental e Sanitária,Bacharelado,Matutino,979.44,,,,22,,,523.38,
PI,Teresina,Faculdade Integral Diferencial - FACID,UNIDADE SEDE - Horto Florestal,Engenharia Ambiental e Sanitária,Bacharelado,Noturno,979.44,,,,31,,,494.46,
PI,Floriano,Faculdade de Ensino Superior de Floriano - FAESF,ARUDA BUCAR - REDE NOVA,Engenharia Civil,Bacharelado,Integral,1370.56,3,1,1,1,661.88,646.02,614.60,630.90
PI,Parnaiba,Faculdade Regional Brasileira - Parnaíba,UNIDADE SEDE - Piauí,Engenharia Civil,Bacharelado,Matutino,1220.00,2,1,5,2,661.60,635.48,562.90,520.00
PI,Parnaiba,Faculdade Regional Brasileira - Parnaíba,UNIDADE SEDE - Piauí,Engenharia Civil,Bacharelado,Noturno,1220.00,2,1,5,2,623.98,638.18,561.32,564.60
PI,Parnaiba,Faculdade Uninassau Parnaíba,FACULDADE PIAUIENSE - Floriópolis,Engenharia Civil,Bacharelado,Matutino,1109.34,2,1,,,715.90,639.34,,
PI,Parnaiba,Faculdade Uninassau Parnaíba,FACULDADE PIAUIENSE - Floriópolis,Engenharia Civil,Bacharelado,Noturno,1109.34,4,2,,,660.24,654.38,,
PI,Piripiri,Christus Faculdade do Piauí - CHRISFAPI,UNIDADE SEDE - Fonte dos Matos,Engenharia Civil,Bacharelado,Noturno,610.05,1,1,3,11,670.70,690.86,607.56,621.02
PI,Teresina,Centro de Ensino Unificado do Piauí - Ceupi - CEUPI,CAMPUS GALILEU - São Cristóvão,Engenharia Civil,Bacharelado,Vespertino,1053.51,2,1,1,46,685.20,687.42,535.58,637.08
PI,Teresina,Centro de Ensino Unificado do Piauí - Ceupi - CEUPI,CAMPUS GALILEU - São Cristóvão,Engenharia Civil,Bacharelado,Noturno,1053.51,1,,,49,603.84,,521.22,
PI,Teresina,Faculdade do Piauí - FAPI,UNIDADE WALFRAN - São Cristóvão,Engenharia Civil,Bacharelado,Noturno,819.30,5,2,,,662.54,625.86,,
PI,Teresina,Faculdade Integral Diferencial - FACID,UNIDADE SEDE - Horto Florestal,Engenharia Civil,Bacharelado,Matutino,943.65,,,,22,,,585.84,
PI,Teresina,Faculdade Integral Diferencial - FACID,UNIDADE SEDE - Horto Florestal,Engenharia Civil,Bacharelado,Noturno,943.65,,,,31,,,559.86,
PI,Teresina,Faculdade Santo Agostinho - FSA,ANEXO II - São Pedro,Engenharia Civil,Bacharelado,Noturno,1048.52,,,,10,,,617.42,
PI,Teresina,Faculdade Uninassau Aliança,CAMPUS  - TERESINA - CENTRO - Centro,Engenharia Civil,Bacharelado,Matutino,1012.18,4,2,,,676.18,656.60,,
PI,Teresina,Faculdade Uninassau Teresina,CAMPUS  - TERESINA - JOQUEI CLUBE - Joquei Clube,Engenharia Civil,Bacharelado,Matutino,1012.17,4,2,,,676.02,646.84,,
PI,Teresina,Faculdade Uninassau Teresina,CAMPUS  - TERESINA - JOQUEI CLUBE - Joquei Clube,Engenharia Civil,Bacharelado,Noturno,1012.17,8,3,,,667.16,637.22,,
PI,Teresina,Instituto de Ciências Jurídicas e Sociais Professor Camillo Filho - ICF,PRÉDIO I - UNIDADE SEDE - Jóquei Clube,Engenharia Civil,Bacharelado,Integral,1263.98,1,1,,,745.98,722.52,,
PI,Teresina,Instituto de Ensino Superior de Teresina - IEST,UNIDADE WALFRAM - São Cristóvão,Engenharia Civil,Bacharelado,Matutino,778.34,2,1,,,664.66,621.80,,
PI,Parnaiba,Faculdade Regional Brasileira - Parnaíba,UNIDADE SEDE - Piauí,Engenharia de Produção,Bacharelado,Matutino,1220.00,2,1,5,2,630.96,549.60,526.18,450.00
PI,Parnaiba,Faculdade Regional Brasileira - Parnaíba,UNIDADE SEDE - Piauí,Engenharia de Produção,Bacharelado,Noturno,1220.00,2,1,5,2,604.80,616.08,516.86,450.00
PI,Picos,Centro Universitário Internacional - Uninter - UNINTER,PAP PICOS - Canto da Várzea,Engenharia de Produção,Bacharelado,Curso a Distância,505.00,,,1,,,,591.76,
PI,Teresina,Faculdade do Piauí - FAPI,UNIDADE WALFRAN - São Cristóvão,Engenharia de Produção,Bacharelado,Noturno,819.30,1,,,,636.00,,,
PI,Teresina,Faculdade Integral Diferencial - FACID,UNIDADE SEDE - Horto Florestal,Engenharia de Produção,Bacharelado,Matutino,990.98,,,,20,,,533.12,
PI,Teresina,Faculdade Integral Diferencial - FACID,UNIDADE SEDE - Horto Florestal,Engenharia de Produção,Bacharelado,Noturno,990.98,,,,20,,,523.82,
PI,Teresina,Faculdade Santo Agostinho - FSA,ANEXO I - Vermelha,Engenharia de Produção,Bacharelado,Noturno,865.73,,,,10,,,566.54,
PI,Teresina,Instituto de Ensino Superior de Teresina - IEST,UNIDADE WALFRAM - São Cristóvão,Engenharia de Produção,Bacharelado,Matutino,778.34,2,1,,,637.12,597.82,,
PI,Floriano,Centro Universitário Internacional - Uninter - UNINTER,PAP FLORIANO - Centro,Engenharia Elétrica,Bacharelado,Curso a Distância,659.00,,,1,,,,623.54,
PI,Picos,Centro Universitário Internacional - Uninter - UNINTER,PAP PICOS - Canto da Várzea,Engenharia Elétrica,Bacharelado,Curso a Distância,659.00,1,,,,632.96,,,
PI,Teresina,Centro de Ensino Unificado do Piauí - Ceupi - CEUPI,CAMPUS GALILEU - São Cristóvão,Engenharia Elétrica,Bacharelado,Vespertino,1053.51,,,,50,,,497.24,
PI,Teresina,Centro de Ensino Unificado do Piauí - Ceupi - CEUPI,CAMPUS GALILEU - São Cristóvão,Engenharia Elétrica,Bacharelado,Noturno,1053.51,,,,50,,,468.88,
PI,Teresina,Faculdade Integral Diferencial - FACID,UNIDADE SEDE - Horto Florestal,Engenharia Elétrica,Bacharelado,Matutino,1066.34,2,1,,15,710.26,657.90,570.32,
PI,Teresina,Faculdade Integral Diferencial - FACID,UNIDADE SEDE - Horto Florestal,Engenharia Elétrica,Bacharelado,Noturno,1066.34,,,,15,,,518.28,
PI,Teresina,Faculdade Santo Agostinho - FSA,UNIDADE  - TERESINA - SAO PEDRO - Sao Pedro,Engenharia Elétrica,Bacharelado,Noturno,1043.70,,,,10,,,581.68,
PI,Teresina,Faculdade Integral Diferencial - FACID,UNIDADE SEDE - Horto Florestal,Engenharia Mecânica,Bacharelado,Matutino,1066.34,,,,15,,,586.02,
PI,Teresina,Faculdade Integral Diferencial - FACID,UNIDADE SEDE - Horto Florestal,Engenharia Mecânica,Bacharelado,Noturno,1066.34,,,,15,,,564.98,
PI,Teresina,Faculdade Integral Diferencial - FACID,UNIDADE SEDE - Horto Florestal,Engenharia Química,Bacharelado,Noturno,979.44,1,,,40,657.62,,508.60,
PI,Parnaiba,Faculdade Uninassau Parnaíba,FACULDADE PIAUIENSE - Floriópolis,Estética e Cosmética,Tecnológico,Noturno,530.88,4,2,,,595.32,572.24,,
PI,Teresina,"Faculdade de Tecnologia, Educação Superior e Profissional - FATESP",CAMPUS PRINCIPAL - Centro,Estética e Cosmética,Tecnológico,Matutino,484.50,1,,,,573.62,,,
PI,Teresina,"Faculdade de Tecnologia, Educação Superior e Profissional - FATESP",CAMPUS PRINCIPAL - Centro,Estética e Cosmética,Tecnológico,Noturno,484.50,1,,,,559.06,,,
PI,Teresina,Faculdade Uninassau Aliança,CAMPUS  - TERESINA - CENTRO - Centro,Estética e Cosmética,Tecnológico,Matutino,557.42,6,2,,,598.20,578.08,,
PI,Teresina,Instituto de Ensino Superior de Teresina - IEST,UNIDADE WALFRAM - São Cristóvão,Estética e Cosmética,Tecnológico,Noturno,502.79,2,1,,,564.40,564.74,,
PI,Teresina,Instituto de Ensino Superior de Teresina - IEST,UNIDADE WALFRAM - São Cristóvão,Estética e Cosmética,Tecnológico,Matutino,482.22,2,1,,,563.44,563.34,,
PI,Parnaiba,Faculdade Uninassau Parnaíba,FACULDADE PIAUIENSE - Floriópolis,Farmácia,Bacharelado,Noturno,826.47,5,2,,,647.82,625.76,,
PI,Piripiri,Christus Faculdade do Piauí - CHRISFAPI,UNIDADE SEDE - Fonte dos Matos,Farmácia,Bacharelado,Vespertino,918.85,4,1,7,13,645.14,644.60,562.96,557.20
PI,Teresina,Faculdade Integral Diferencial - FACID,UNIDADE SEDE - Horto Florestal,Farmácia,Bacharelado,Matutino,1104.10,,,,24,,,585.36,
PI,Teresina,Faculdade Santo Agostinho - FSA,ANEXO I - Vermelha,Farmácia,Bacharelado,Matutino,964.44,,,,10,,,599.68,
PI,Teresina,Faculdade Uninassau Aliança,CAMPUS  - TERESINA - CENTRO - Centro,Farmácia,Bacharelado,Matutino,1003.40,7,2,,,632.90,632.74,,
PI,Teresina,Faculdade Uninassau Teresina,CAMPUS  - TERESINA - JOQUEI CLUBE - Joquei Clube,Farmácia,Bacharelado,Matutino,1003.40,6,2,,,623.68,618.62,,
PI,Teresina,Instituto de Ensino Superior de Teresina - IEST,UNIDADE WALFRAM - São Cristóvão,Farmácia,Bacharelado,Noturno,898.25,1,,,,609.10,,,
PI,Teresina,Instituto de Ensino Superior de Teresina - IEST,UNIDADE WALFRAM - São Cristóvão,Farmácia,Bacharelado,Matutino,853.34,2,1,,,599.54,603.06,,
PI,Floriano,Centro Universitário Claretiano - Ceuclar - CEUCLAR,POLO CLARETIANO DE FLORIANO - Centro,Filosofia,Licenciatura,Curso a Distância,299.00,1,,,,569.02,,,
PI,Parnaiba,Faculdade Regional Brasileira - Parnaíba,UNIDADE SEDE - Piauí,Fisioterapia,Bacharelado,Matutino,1080.00,2,1,5,2,629.32,623.48,522.18,538.26
PI,Parnaiba,Faculdade Regional Brasileira - Parnaíba,UNIDADE SEDE - Piauí,Fisioterapia,Bacharelado,Noturno,1080.00,2,1,5,2,620.76,632.78,574.86,542.08
PI,Picos,Instituto de Educação Superior Raimundo Sá - IESRSA,INSTITUTO DE EDUCAÇÃO SUPERIOR RAIMUNDO SÁ - Altamira,Fisioterapia,Bacharelado,Matutino,472.50,1,1,,,640.80,644.72,,
PI,Piripiri,Christus Faculdade do Piauí - CHRISFAPI,UNIDADE SEDE - Fonte dos Matos,Fisioterapia,Bacharelado,Vespertino,918.85,4,1,7,13,665.88,622.30,584.88,553.64
PI,Teresina,Faculdade do Piauí - FAPI,UNIDADE WALFRAN - São Cristóvão,Fisioterapia,Bacharelado,Matutino,787.92,3,1,,,622.10,607.42,,
PI,Teresina,Faculdade Estácio de Teresina - ESTÁCIO TERESINA,TERESINA - São João,Fisioterapia,Bacharelado,Matutino,998.57,8,3,,,633.82,611.86,,
PI,Teresina,Faculdade Estácio de Teresina - ESTÁCIO TERESINA,TERESINA - São João,Fisioterapia,Bacharelado,Vespertino,970.00,5,2,,,623.48,612.48,,
PI,Teresina,Faculdade Integral Diferencial - FACID,UNIDADE SEDE - Horto Florestal,Fisioterapia,Bacharelado,Matutino,1213.83,,,,18,,,568.00,
PI,Teresina,Faculdade Integral Diferencial - FACID,UNIDADE SEDE - Horto Florestal,Fisioterapia,Bacharelado,Vespertino,1213.83,,,,12,,,561.54,
PI,Teresina,Faculdade Santo Agostinho - FSA,ANEXO I - Vermelha,Fisioterapia,Bacharelado,Vespertino,978.58,,,,10,,,588.92,
PI,Teresina,Faculdade Uninassau Aliança,CAMPUS  - TERESINA - CENTRO - Centro,Fisioterapia,Bacharelado,Matutino,1077.19,4,2,,,658.20,631.64,,
PI,Teresina,Faculdade Integral Diferencial - FACID,UNIDADE SEDE - Horto Florestal,Gastronomia,Tecnológico,Matutino,802.30,,,,19,,,554.22,
PI,Teresina,Faculdade Integral Diferencial - FACID,UNIDADE SEDE - Horto Florestal,Gastronomia,Tecnológico,Noturno,802.30,,,,19,,,530.80,
PI,Esperantina,Universidade Pitágoras Unopar,ESPERANTINA/PI (1051550) - Centro,Geografia,Licenciatura,Curso a Distância,209.00,2,1,,,534.92,544.80,,
PI,Picos,Centro Universitário Internacional - Uninter - UNINTER,PAP PICOS - Canto da Várzea,Geografia,Licenciatura,Curso a Distância,237.00,,,1,,,,550.26,
PI,Teresina,Universidade Anhanguera - UNIDERP,TERESINA/PI II(2008394) - Dirceu II,Geografia,Licenciatura,Curso a Distância,239.00,3,1,,,589.48,561.76,,
PI,Teresina,Universidade Paulista - UNIP,TERESINA II - Centro,Geografia,Licenciatura,Curso a Distância,299.00,1,,,,556.96,,,
PI,Teresina,Centro Universitário Cenecista de Osório - Unicnec - UNICNEC,POLO - TERESINA - Teresina,Gestão Ambiental,Tecnológico,Curso a Distância,333.00,1,,,,630.82,,,
PI,Floriano,Centro Universitário Internacional - Uninter - UNINTER,FLORIANO - Irapuá I,Gestão Comercial,Tecnológico,Curso a Distância,265.00,1,,,,576.68,,,
PI,Teresina,Centro Universitário Cenecista de Osório - Unicnec - UNICNEC,POLO - TERESINA - Teresina,Gestão Comercial,Tecnológico,Curso a Distância,333.00,1,,,,538.42,,,
PI,Teresina,Centro Universitário Internacional - Uninter - UNINTER,PÓLO EAD - TERESINA (PAISSANDÚ) - Centro,Gestão Comercial,Tecnológico,Curso a Distância,265.00,1,,,,529.76,,,
PI,Teresina,Faculdade Integral Diferencial - FACID,UNIDADE SEDE - Horto Florestal,Gestão Comercial,Tecnológico,Noturno,617.99,1,,,,588.24,,,
PI,Teresina,Centro Universitário Internacional - Uninter - UNINTER,PÓLO EAD - TERESINA (PAISSANDÚ) - Centro,Gestão da Produção Industrial,Tecnológico,Curso a Distância,278.00,1,,,,581.68,,,
PI,Teresina,Faculdade Integral Diferencial - FACID,UNIDADE SEDE - Horto Florestal,Gestão da Tecnologia da Informação,Tecnológico,Matutino,740.94,1,,,3,585.04,,525.48,
PI,Teresina,Faculdade Integral Diferencial - FACID,UNIDADE SEDE - Horto Florestal,Gestão da Tecnologia da Informação,Tecnológico,Noturno,740.94,,,,19,,,450.00,
PI,Teresina,Universidade Paulista - UNIP,TERESINA I - Centro,Gestão da Tecnologia da Informação,Tecnológico,Curso a Distância,169.00,7,2,,,582.40,555.66,,
PI,Teresina,Universidade Paulista - UNIP,TERESINA II - Centro,Gestão da Tecnologia da Informação,Tecnológico,Curso a Distância,279.00,1,,,,561.94,,,
PI,Parnaiba,Centro Universitário Leonardo da VInci - UNIASSELVI,POLO DE APOIO PRESENCIAL DE PARNAÍBA/PI - Centro,Gestão de Recursos Humanos,Tecnológico,Curso a Distância,308.00,2,1,,,585.88,571.06,,
PI,Parnaiba,Faculdade Regional Brasileira - Parnaíba,UNIDADE SEDE - Piauí,Gestão de Recursos Humanos,Tecnológico,Matutino,580.00,1,1,4,1,582.62,555.52,552.40,521.28
PI,Parnaiba,Faculdade Regional Brasileira - Parnaíba,UNIDADE SEDE - Piauí,Gestão de Recursos Humanos,Tecnológico,Noturno,580.00,1,1,4,1,603.12,583.20,551.02,503.98
PI,Picos,Centro Universitário Internacional - Uninter - UNINTER,PAP PICOS - Canto da Várzea,Gestão de Recursos Humanos,Tecnológico,Curso a Distância,278.00,1,,,,560.84,,,
PI,Sao Raimundo Nonato,Centro Universitário Leonardo da VInci - UNIASSELVI,POLO DE APOIO PRESENCIAL DE SÃO RAIMUNDO NONATO/PI - Santa Fé,Gestão de Recursos Humanos,Tecnológico,Curso a Distância,308.00,1,1,,,534.36,535.66,,
PI,Teresina,Centro Universitário Cenecista de Osório - Unicnec - UNICNEC,POLO - TERESINA - Teresina,Gestão de Recursos Humanos,Tecnológico,Curso a Distância,333.00,1,,,,521.84,,,
PI,Teresina,Centro Universitário Leonardo da VInci - UNIASSELVI,POLO DE APOIO PRESENCIAL DE TERESINA/PI - UNIDADE 1 - Monte Castelo,Gestão de Recursos Humanos,Tecnológico,Curso a Distância,308.00,1,,,,506.04,,,
PI,Teresina,Centro Universitário Uninovafapi - UNINOVAFAPI,CAMPUS - TERESINA - URUGUAI - Uruguai,Gestão de Recursos Humanos,Tecnológico,Curso a Distância,290.00,1,,,,574.70,,,
PI,Teresina,Faculdade Estácio de Teresina - ESTÁCIO TERESINA,TERESINA - São João,Gestão de Recursos Humanos,Tecnológico,Noturno,598.57,3,1,,,580.24,569.54,,
PI,Teresina,Faculdade Integral Diferencial - FACID,UNIDADE SEDE - Horto Florestal,Gestão de Recursos Humanos,Tecnológico,Noturno,617.99,1,,,,580.10,,,
PI,Teresina,Universidade Paulista - UNIP,TERESINA I - Centro,Gestão de Recursos Humanos,Tecnológico,Curso a Distância,169.00,15,5,,,568.74,542.96,,
PI,Teresina,Universidade Paulista - UNIP,TERESINA II - Centro,Gestão de Recursos Humanos,Tecnológico,Curso a Distância,259.00,1,,,,534.60,,,
PI,Teresina,Universidade Pitágoras Unopar,TERESINA/PI (1051619) - Centro,Gestão de Recursos Humanos,Tecnológico,Curso a Distância,239.00,3,1,,,568.22,541.26,,
PI,Picos,Centro Universitário Internacional - Uninter - UNINTER,PAP PICOS - Canto da Várzea,Gestão de Serviços Jurídicos e Notariais,Tecnológico,Curso a Distância,248.00,1,,,,649.44,,,
PI,Floriano,Centro Universitário Internacional - Uninter - UNINTER,FLORIANO - Irapuá I,Gestão Financeira,Tecnológico,Curso a Distância,278.00,1,,,,604.14,,,
PI,Teresina,Centro Universitário Cenecista de Osório - Unicnec - UNICNEC,POLO - TERESINA - Teresina,Gestão Financeira,Tecnológico,Curso a Distância,333.00,1,,,,575.82,,,
PI,Teresina,Centro Universitário Internacional - Uninter - UNINTER,PÓLO EAD - TERESINA (PAISSANDÚ) - Centro,Gestão Financeira,Tecnológico,Curso a Distância,278.00,,,1,,,,571.00,
PI,Teresina,Faculdade Integral Diferencial - FACID,UNIDADE SEDE - Horto Florestal,Gestão Hospitalar,Tecnológico,Noturno,617.99,1,,,,538.90,,,
PI,Floriano,Centro Universitário Internacional - Uninter - UNINTER,FLORIANO - Irapuá I,Gestão Pública,Tecnológico,Curso a Distância,279.00,1,,,,580.90,,,
PI,Picos,Centro Universitário Internacional - Uninter - UNINTER,PAP PICOS - Canto da Várzea,Gestão Pública,Tecnológico,Curso a Distância,279.00,1,,,,571.34,,,
PI,Teresina,Centro Universitário Cenecista de Osório - Unicnec - UNICNEC,POLO - TERESINA - Teresina,Gestão Pública,Tecnológico,Curso a Distância,333.00,1,,,,599.12,,,
PI,Teresina,Centro Universitário Internacional - Uninter - UNINTER,PÓLO EAD - TERESINA (PAISSANDÚ) - Centro,Gestão Pública,Tecnológico,Curso a Distância,279.00,1,,,,566.98,,,
PI,Esperantina,Universidade Pitágoras Unopar,ESPERANTINA/PI (1051550) - Centro,História,Licenciatura,Curso a Distância,209.00,1,1,,,598.02,542.34,,
PI,Picos,Centro Universitário Internacional - Uninter - UNINTER,PAP PICOS - Canto da Várzea,História,Licenciatura,Curso a Distância,237.00,1,,,,615.10,,,
PI,Teresina,Faculdade Uninassau Teresina,CAMPUS  - TERESINA - JOQUEI CLUBE - Joquei Clube,História,Licenciatura,Noturno,442.68,4,2,,,587.08,587.04,,
PI,Picos,Instituto de Educação Superior Raimundo Sá - IESRSA,INSTITUTO DE EDUCAÇÃO SUPERIOR RAIMUNDO SÁ - Altamira,Jornalismo,Bacharelado,Matutino,297.00,0,1,,,593.88,,,
PI,Picos,Instituto de Educação Superior Raimundo Sá - IESRSA,INSTITUTO DE EDUCAÇÃO SUPERIOR RAIMUNDO SÁ - Altamira,Jornalismo,Bacharelado,Noturno,297.00,1,,,,593.26,,,
PI,Teresina,Faculdade Estácio de Teresina - ESTÁCIO TERESINA,TERESINA - São João,Jornalismo,Bacharelado,Noturno,770.00,1,,,,586.06,,,
PI,Teresina,Instituto de Ensino Superior de Teresina - IEST,FATIMA - Fátima,Letras,Bacharelado,Matutino,409.11,2,1,,,592.98,577.08,,
PI,Teresina,Instituto de Ensino Superior de Teresina - IEST,FATIMA - Fátima,Letras,Bacharelado,Noturno,409.11,2,1,,,531.40,574.34,,
PI,Teresina,Centro Universitário Cenecista de Osório - Unicnec - UNICNEC,POLO - TERESINA - Teresina,Letras - Português,Licenciatura,Curso a Distância,333.00,1,,,,585.66,,,
PI,Teresina,Instituto de Ensino Superior de Teresina - IEST,UNIDADE WALFRAM - São Cristóvão,Letras - Português e Inglês,Licenciatura,Matutino,409.11,2,1,,,599.62,607.30,,
PI,Teresina,Instituto de Ensino Superior de Teresina - IEST,UNIDADE WALFRAM - São Cristóvão,Letras - Português e Inglês,Licenciatura,Noturno,409.11,2,1,,,585.10,578.98,,
PI,Floriano,Centro Universitário Internacional - Uninter - UNINTER,FLORIANO - Irapuá I,Logística,Tecnológico,Curso a Distância,278.00,1,,,,571.98,,,
PI,Teresina,Centro Universitário Cenecista de Osório - Unicnec - UNICNEC,POLO - TERESINA - Teresina,Logística,Tecnológico,Curso a Distância,333.00,1,,,,556.20,,,
PI,Teresina,Centro Universitário Internacional - Uninter - UNINTER,PÓLO EAD - TERESINA (PAISSANDÚ) - Centro,Logística,Tecnológico,Curso a Distância,278.00,1,,,,562.20,,,
PI,Teresina,Faculdade Integral Diferencial - FACID,UNIDADE SEDE - Horto Florestal,Logística,Tecnológico,Matutino,602.24,1,,,,539.64,,,
PI,Teresina,Faculdade Integral Diferencial - FACID,UNIDADE SEDE - Horto Florestal,Logística,Tecnológico,Noturno,602.24,,,,17,,,486.18,
PI,Teresina,Faculdade Unirb - Piauí,CAMPUS PRINCIPAL - Centro,Logística,Tecnológico,Matutino,350.00,1,,2,1,547.10,,532.84,528.14
PI,Teresina,Faculdade Unirb - Piauí,CAMPUS PRINCIPAL - Centro,Logística,Tecnológico,Noturno,350.00,1,,2,1,582.26,,518.36,527.66
PI,Picos,Centro Universitário Internacional - Uninter - UNINTER,PAP PICOS - Canto da Várzea,Marketing,Tecnológico,Curso a Distância,270.00,1,,,,622.60,,,
PI,Teresina,Centro Universitário Cenecista de Osório - Unicnec - UNICNEC,POLO - TERESINA - Teresina,Marketing,Tecnológico,Curso a Distância,333.00,1,,,,558.52,,,
PI,Teresina,Centro Universitário Internacional - Uninter - UNINTER,PÓLO EAD - TERESINA (PAISSANDÚ) - Centro,Marketing,Tecnológico,Curso a Distância,270.00,1,,,,540.22,,,
PI,Teresina,Universidade Paulista - UNIP,TERESINA II - Centro,Marketing,Tecnológico,Curso a Distância,269.00,1,,,,561.02,,,
PI,Esperantina,Universidade Pitágoras Unopar,ESPERANTINA/PI (1051550) - Centro,Matemática,Licenciatura,Curso a Distância,239.00,2,1,,,656.80,571.36,,
PI,Picos,Centro Universitário Internacional - Uninter - UNINTER,PAP PICOS - Canto da Várzea,Matemática,Licenciatura,Curso a Distância,239.00,1,,,,592.20,,,
PI,Teresina,Centro Universitário Cenecista de Osório - Unicnec - UNICNEC,POLO - TERESINA - Teresina,Matemática,Licenciatura,Curso a Distância,333.00,1,,,,585.56,,,
PI,Parnaiba,"Faculdade de Ciências Humanas,Exatas e da Saúde do Piauí - FAHESP","CAMPUS PRINCIPAL / FAHESP- FACULDADE DE CIÊNCIAS HUMANAS, EXATAS E DA SAÚDE DO PIAUÍ - Sabiazal",Medicina,Bacharelado,Integral,8402.00,4,1,,,772.82,739.86,,
PI,Teresina,Centro Universitário Uninovafapi - UNINOVAFAPI,CAMPUS - TERESINA - URUGUAI - Uruguai,Medicina,Bacharelado,Integral,6737.50,10,4,,,766.22,748.98,,
PI,Teresina,Centro Universitário Uninovafapi - UNINOVAFAPI,CAMPUS - TERESINA - URUGUAI - Uruguai,Nutrição,Bacharelado,Vespertino,653.00,1,1,,,648.04,642.94,,
PI,Teresina,Faculdade Estácio de Teresina - ESTÁCIO TERESINA,TERESINA - São João,Nutrição,Bacharelado,Matutino,855.71,7,3,,,615.50,586.86,,
PI,Teresina,Faculdade Estácio de Teresina - ESTÁCIO TERESINA,TERESINA - São João,Nutrição,Bacharelado,Vespertino,855.71,5,2,,,613.36,588.00,,
PI,Teresina,Faculdade Santo Agostinho - FSA,UNIDADE  - TERESINA - SAO PEDRO - Sao Pedro,Nutrição,Bacharelado,Vespertino,694.37,,,,10,,,580.86,
PI,Teresina,Faculdade Uninassau Aliança,CAMPUS  - TERESINA - CENTRO - Centro,Nutrição,Bacharelado,Matutino,768.69,8,3,,,614.74,605.98,,
PI,Teresina,Faculdade Uninassau Teresina,CAMPUS  - TERESINA - JOQUEI CLUBE - Joquei Clube,Nutrição,Bacharelado,Matutino,767.35,7,3,,,602.46,602.38,,
PI,Teresina,Faculdade Uninassau Teresina,CAMPUS  - TERESINA - JOQUEI CLUBE - Joquei Clube,Nutrição,Bacharelado,Noturno,767.35,3,1,,,643.44,611.10,,
PI,Floriano,Faculdade de Ensino Superior de Floriano - FAESF,ARUDA BUCAR - REDE NOVA,Odontologia,Bacharelado,Matutino,1921.18,1,1,1,,675.96,687.40,622.28,
PI,Teresina,Centro Universitário Uninovafapi - UNINOVAFAPI,CAMPUS - TERESINA - URUGUAI - Uruguai,Odontologia,Bacharelado,Matutino,2141.10,3,1,,,725.60,701.80,,
PI,Teresina,Faculdade Santo Agostinho - FSA,ANEXO I - Vermelha,Odontologia,Bacharelado,Noturno,1852.50,1,1,1,1,695.12,730.10,644.30,656.10
PI,Teresina,Faculdade Santo Agostinho - FSA,ANEXO I - Vermelha,Odontologia,Bacharelado,Integral,1852.50,1,1,1,1,706.20,716.86,664.76,668.14
PI,Teresina,Faculdade Uninassau Aliança,CAMPUS  - TERESINA - CENTRO - Centro,Odontologia,Bacharelado,Matutino,2127.05,6,2,,,684.62,672.32,,
PI,Teresina,Faculdade Uninassau Aliança,CAMPUS  - TERESINA - CENTRO - Centro,Odontologia,Bacharelado,Noturno,2127.05,8,3,,,676.62,659.02,,
PI,Agua Branca,Centro Universitário Leonardo da VInci - UNIASSELVI,POLO DE APOIO PRESENCIAL DE ÁGUA BRANCA/PI - Centro,Pedagogia,Licenciatura,Curso a Distância,308.00,2,1,,,521.70,530.02,,
PI,Agua Branca,Faculdade Superior de Ensino Programus - ISEPRO,UNIDADE SEDE - ISEPRO - Centro,Pedagogia,Licenciatura,Matutino,249.00,1,1,,3,555.92,575.92,509.40,
PI,Agua Branca,Faculdade Superior de Ensino Programus - ISEPRO,UNIDADE SEDE - ISEPRO - Centro,Pedagogia,Licenciatura,Noturno,249.00,0,1,,3,604.20,,528.82,
PI,Barras,Centro Universitário Leonardo da VInci - UNIASSELVI,POLO DE APOIO PRESENCIAL DE BARRAS/PI - Centro,Pedagogia,Licenciatura,Curso a Distância,308.00,2,1,,,554.90,586.36,,
PI,Campo Maior,Universidade Pitágoras Unopar,CAMPO MAIOR/PI (1051676) - Centro,Pedagogia,Licenciatura,Curso a Distância,209.00,1,,,,616.96,,,
PI,Canto do Buriti,Instituto Superior de Educação do Sul do Piauí - ISESPI,CAMPUS  - CANTO DO BURITI - CENTRO - Centro,Pedagogia,Licenciatura,Matutino,225.00,2,1,,,571.08,538.44,,
PI,Canto do Buriti,Instituto Superior de Educação do Sul do Piauí - ISESPI,CAMPUS  - CANTO DO BURITI - CENTRO - Centro,Pedagogia,Licenciatura,Vespertino,225.00,1,1,,,561.62,546.12,,
PI,Canto do Buriti,Instituto Superior de Educação do Sul do Piauí - ISESPI,CAMPUS  - CANTO DO BURITI - CENTRO - Centro,Pedagogia,Licenciatura,Noturno,225.00,0,1,,,550.68,,,
PI,Esperantina,Universidade Pitágoras Unopar,ESPERANTINA/PI (1051550) - Centro,Pedagogia,Licenciatura,Curso a Distância,239.00,3,1,,,546.66,538.10,,
PI,Floriano,Instituto Superior de Educação São Judas Tadeu - ISESJT,UNIDADE SEDE - Centro,Pedagogia,Licenciatura,Matutino,319.00,5,2,,40,556.74,533.20,456.38,
PI,Floriano,Instituto Superior de Educação São Judas Tadeu - ISESJT,UNIDADE SEDE - Centro,Pedagogia,Licenciatura,Vespertino,319.00,5,2,,40,541.30,535.42,450.00,
PI,Floriano,Instituto Superior de Educação São Judas Tadeu - ISESJT,UNIDADE SEDE - Centro,Pedagogia,Licenciatura,Noturno,319.00,5,2,,40,553.12,533.42,490.56,
PI,Parnaiba,Centro Universitário Leonardo da VInci - UNIASSELVI,POLO DE APOIO PRESENCIAL DE PARNAÍBA/PI - Centro,Pedagogia,Licenciatura,Curso a Distância,308.00,2,1,,,600.06,597.62,,
PI,Parnaiba,Faculdade Uninassau Parnaíba,FACULDADE PIAUIENSE - Floriópolis,Pedagogia,Licenciatura,Noturno,457.44,2,1,,,589.42,601.62,,
PI,Picos,Centro Universitário Leonardo da VInci - UNIASSELVI,POLO DE APOIO PRESENCIAL DE PICOS/PI - Junco,Pedagogia,Licenciatura,Curso a Distância,308.00,2,1,,,570.82,574.66,,
PI,Picos,Instituto de Educação Superior Raimundo Sá - IESRSA,INSTITUTO DE EDUCAÇÃO SUPERIOR RAIMUNDO SÁ - Altamira,Pedagogia,Licenciatura,Vespertino,189.00,1,,,,577.52,,,
PI,Picos,Instituto de Educação Superior Raimundo Sá - IESRSA,INSTITUTO DE EDUCAÇÃO SUPERIOR RAIMUNDO SÁ - Altamira,Pedagogia,Licenciatura,Noturno,189.00,1,1,,,576.48,575.12,,
PI,Piripiri,Universidade Pitágoras Unopar,PIRIPIRI/PI (1051586) - Centro,Pedagogia,Licenciatura,Curso a Distância,229.00,3,1,,,608.94,564.50,,
PI,Sao Raimundo Nonato,Centro Universitário Leonardo da VInci - UNIASSELVI,POLO DE APOIO PRESENCIAL DE SÃO RAIMUNDO NONATO/PI - Santa Fé,Pedagogia,Licenciatura,Curso a Distância,308.00,1,1,,,527.72,539.02,,
PI,Teresina,Centro Universitário Cenecista de Osório - Unicnec - UNICNEC,POLO - TERESINA - Teresina,Pedagogia,Licenciatura,Curso a Distância,333.00,1,1,,,537.72,512.66,,
PI,Teresina,Centro Universitário Internacional - Uninter - UNINTER,POLO DE APOIO PRESENCIAL - TERESINHA (PAISSANDÚ) - Centro,Pedagogia,Licenciatura,Curso a Distância,270.00,1,,,,540.60,,,
PI,Teresina,Centro Universitário Leonardo da VInci - UNIASSELVI,POLO DE APOIO PRESENCIAL DE TERESINA/PI - UNIDADE 1 - Monte Castelo,Pedagogia,Licenciatura,Curso a Distância,308.00,1,1,,,523.32,535.52,,
PI,Teresina,Centro Universitário Leonardo da VInci - UNIASSELVI,POLO DE APOIO PRESENCIAL DE TERESINA/PI - UNIDADE 2 - Nossa Senhora das Graças,Pedagogia,Licenciatura,Curso a Distância,308.00,4,2,,,544.10,540.20,,
PI,Teresina,Faculdade do Piauí - FAPI,CAMPUS  - TERESINA - FÁTIMA - Fátima,Pedagogia,Licenciatura,Noturno,430.76,2,1,,,569.64,557.18,,
PI,Teresina,Faculdade do Piauí - FAPI,CAMPUS  - TERESINA - FÁTIMA - Fátima,Pedagogia,Licenciatura,Matutino,414.36,2,1,,,586.86,588.52,,
PI,Teresina,Faculdade Uninassau Teresina,CAMPUS  - TERESINA - JOQUEI CLUBE - Joquei Clube,Pedagogia,Licenciatura,Noturno,413.17,10,4,,,569.84,573.28,,
PI,Teresina,Faculdade Uninassau Teresina,CAMPUS  - TERESINA - JOQUEI CLUBE - Joquei Clube,Pedagogia,Licenciatura,Matutino,391.03,6,2,,,589.92,578.76,,
PI,Teresina,Faculdade Unirb - Piauí,CAMPUS PRINCIPAL - Centro,Pedagogia,Licenciatura,Matutino,320.00,1,,2,1,567.60,,570.58,549.68
PI,Teresina,Faculdade Unirb - Piauí,CAMPUS PRINCIPAL - Centro,Pedagogia,Licenciatura,Noturno,320.00,1,,2,1,533.86,,548.46,552.50
PI,Teresina,Universidade Paulista - UNIP,TERESINA I - Centro,Pedagogia,Licenciatura,Curso a Distância,169.00,18,7,,,552.88,541.58,,
PI,Teresina,Universidade Paulista - UNIP,TERESINA II - Centro,Pedagogia,Licenciatura,Curso a Distância,259.00,1,,,,529.00,,,
PI,Teresina,Universidade Pitágoras Unopar,TERESINA/PI (1051619) - Centro,Pedagogia,Licenciatura,Curso a Distância,239.00,4,1,,,565.46,543.92,,
PI,Agua Branca,Centro Universitário Leonardo da VInci - UNIASSELVI,POLO DE APOIO PRESENCIAL DE ÁGUA BRANCA/PI - Centro,Processos Gerenciais,Tecnológico,Curso a Distância,308.00,1,1,,,570.92,518.46,,
PI,Parnaiba,Faculdade Regional Brasileira - Parnaíba,UNIDADE SEDE - Piauí,Processos Gerenciais,Tecnológico,Matutino,480.00,1,,2,1,617.78,,572.86,563.90
PI,Parnaiba,Faculdade Regional Brasileira - Parnaíba,UNIDADE SEDE - Piauí,Processos Gerenciais,Tecnológico,Noturno,480.00,1,,2,1,598.64,,550.30,517.10
PI,Teresina,Centro Universitário Cenecista de Osório - Unicnec - UNICNEC,POLO - TERESINA - Teresina,Processos Gerenciais,Tecnológico,Curso a Distância,333.00,1,,,,539.52,,,
PI,Teresina,Centro Universitário Internacional - Uninter - UNINTER,PÓLO EAD - TERESINA (PAISSANDÚ) - Centro,Processos Gerenciais,Tecnológico,Curso a Distância,270.00,1,,,,533.38,,,
PI,Teresina,Instituto de Ensino Superior de Teresina - IEST,FATIMA - Fátima,Produção Gráfica Digital,Tecnológico,Noturno,473.60,2,1,,,617.96,550.28,,
PI,Teresina,Instituto de Ensino Superior de Teresina - IEST,FATIMA - Fátima,Produção Multimídia,Tecnológico,Noturno,473.60,2,1,,,583.94,580.22,,
PI,Teresina,Instituto de Ensino Superior de Teresina - IEST,FATIMA - Fátima,Produção Multimídia,Tecnológico,Matutino,473.60,2,1,,,585.52,573.86,,
PI,Parnaiba,Faculdade Regional Brasileira - Parnaíba,UNIDADE SEDE - Piauí,Psicologia,Bacharelado,Matutino,715.00,1,,3,1,611.92,,590.94,554.08
PI,Parnaiba,Faculdade Regional Brasileira - Parnaíba,UNIDADE SEDE - Piauí,Psicologia,Bacharelado,Noturno,715.00,1,1,2,1,626.02,619.22,593.02,575.70
PI,Parnaiba,Faculdade Uninassau Parnaíba,FACULDADE PIAUIENSE - Floriópolis,Psicologia,Bacharelado,Noturno,855.85,4,2,,,631.62,633.68,,
PI,Teresina,Faculdade Integral Diferencial - FACID,UNIDADE SEDE - Horto Florestal,Psicologia,Bacharelado,Matutino,933.22,,,,18,,,581.02,
PI,Teresina,Faculdade Integral Diferencial - FACID,UNIDADE SEDE - Horto Florestal,Psicologia,Bacharelado,Vespertino,933.22,,,,18,,,573.64,
PI,Teresina,Faculdade Santo Agostinho - FSA,UNIDADE  - TERESINA - SAO PEDRO - Sao Pedro,Psicologia,Bacharelado,Noturno,884.37,,,,10,,,605.08,
PI,Teresina,Faculdade Uninassau Aliança,CAMPUS  - TERESINA - CENTRO - Centro,Psicologia,Bacharelado,Matutino,832.57,8,3,,,627.24,631.20,,
PI,Teresina,Faculdade Uninassau Teresina,CAMPUS  - TERESINA - JOQUEI CLUBE - Joquei Clube,Psicologia,Bacharelado,Noturno,896.71,4,1,,,647.68,621.72,,
PI,Teresina,Faculdade Uninassau Teresina,CAMPUS  - TERESINA - JOQUEI CLUBE - Joquei Clube,Psicologia,Bacharelado,Matutino,832.58,4,2,,,642.44,616.88,,
PI,Parnaiba,Faculdade Regional Brasileira - Parnaíba,UNIDADE SEDE - Piauí,Radiologia,Tecnológico,Noturno,570.00,1,1,3,1,601.56,574.42,554.08,545.46
PI,Teresina,Centro Universitário Uninovafapi - UNINOVAFAPI,CAMPUS - TERESINA - URUGUAI - Uruguai,Radiologia,Tecnológico,Noturno,661.65,4,2,,,616.10,607.00,,
PI,Teresina,Faculdade Integral Diferencial - FACID,UNIDADE SEDE - Horto Florestal,Radiologia,Tecnológico,Matutino,666.75,,,,18,,,561.62,
PI,Teresina,Faculdade Uninassau Teresina,CAMPUS  - TERESINA - JOQUEI CLUBE - Joquei Clube,Radiologia,Tecnológico,Noturno,619.49,4,1,,,587.50,597.34,,
PI,Teresina,Faculdade Integral Diferencial - FACID,UNIDADE SEDE - Horto Florestal,Redes de Computadores,Tecnológico,Matutino,617.99,1,,,,574.04,,,
PI,Teresina,Faculdade Integral Diferencial - FACID,UNIDADE SEDE - Horto Florestal,Redes de Computadores,Tecnológico,Noturno,617.99,,,,18,,,510.32,
PI,Teresina,Instituto de Ensino Superior de Teresina - IEST,FATIMA - Fátima,Redes de Computadores,Tecnológico,Matutino,473.60,1,1,,,620.56,578.68,,
PI,Teresina,Instituto de Ensino Superior de Teresina - IEST,FATIMA - Fátima,Redes de Computadores,Tecnológico,Noturno,473.60,2,1,,,591.94,580.14,,
PI,Floriano,Centro Universitário Internacional - Uninter - UNINTER,FLORIANO - Irapuá I,Secretariado,Tecnológico,Curso a Distância,253.00,1,,,,563.12,,,
PI,Teresina,Centro Universitário Internacional - Uninter - UNINTER,PÓLO EAD - TERESINA (PAISSANDÚ) - Centro,Secretariado,Tecnológico,Curso a Distância,253.00,1,,,,542.76,,,
PI,Teresina,Faculdade Integral Diferencial - FACID,UNIDADE SEDE - Horto Florestal,Segurança da Informação,Tecnológico,Noturno,617.99,1,,,,590.72,,,
PI,Teresina,Universidade Paulista - UNIP,TERESINA I - Centro,Segurança no Trabalho,Tecnológico,Curso a Distância,169.00,10,3,,,564.56,559.06,,
PI,Agua Branca,Faculdade Superior de Ensino Programus - ISEPRO,UNIDADE SEDE - ISEPRO - Centro,Serviço Social,Bacharelado,Noturno,299.00,0,1,,3,586.24,,534.94,
PI,Bom Jesus,Universidade Pitágoras Unopar,BOM JESUS/PI (1051532) - Centro,Serviço Social,Bacharelado,Curso a Distância,229.00,4,1,,,572.46,547.44,,
PI,Campo Maior,Universidade Pitágoras Unopar,CAMPO MAIOR/PI (1051676) - Centro,Serviço Social,Bacharelado,Curso a Distância,269.00,3,1,,,579.34,548.56,,
PI,Esperantina,Universidade Pitágoras Unopar,ESPERANTINA/PI (1051550) - Centro,Serviço Social,Bacharelado,Curso a Distância,269.00,7,2,,,533.86,522.64,,
PI,Floriano,Universidade Anhanguera - UNIDERP,FLORIANO/PI (2008480) - Centro,Serviço Social,Bacharelado,Curso a Distância,289.00,5,2,,,577.76,560.40,,
PI,Parnaiba,Faculdade Uninassau Parnaíba,FACULDADE PIAUIENSE - Floriópolis,Serviço Social,Bacharelado,Noturno,530.88,2,1,,,600.98,598.82,,
PI,Picos,Centro Universitário Internacional - Uninter - UNINTER,PAP PICOS - Canto da Várzea,Serviço Social,Bacharelado,Curso a Distância,288.00,1,,,,591.36,,,
PI,Picos,Instituto de Educação Superior Raimundo Sá - IESRSA,INSTITUTO DE EDUCAÇÃO SUPERIOR RAIMUNDO SÁ - Altamira,Serviço Social,Bacharelado,Matutino,312.50,1,1,,,636.24,601.44,,
PI,Picos,Instituto de Educação Superior Raimundo Sá - IESRSA,INSTITUTO DE EDUCAÇÃO SUPERIOR RAIMUNDO SÁ - Altamira,Serviço Social,Bacharelado,Noturno,312.50,1,1,,,603.10,609.16,,
PI,Picos,Universidade Pitágoras Unopar,PICOS/PI II (1051585) - Catavento,Serviço Social,Bacharelado,Curso a Distância,259.00,8,3,,,594.42,569.34,,
PI,Piripiri,Christus Faculdade do Piauí - CHRISFAPI,UNIDADE SEDE - Fonte dos Matos,Serviço Social,Bacharelado,Noturno,610.32,3,1,4,11,660.70,619.62,551.92,541.48
PI,Piripiri,Universidade Pitágoras Unopar,PIRIPIRI/PI (1051586) - Centro,Serviço Social,Bacharelado,Curso a Distância,309.00,7,2,,,585.70,556.76,,
PI,Sao Raimundo Nonato,Universidade Pitágoras Unopar,SAO RAIMUNDO NONATO/PI (1051608) - Centro,Serviço Social,Bacharelado,Curso a Distância,229.00,6,2,,,549.20,539.76,,
PI,Teresina,Centro Universitário Uninovafapi - UNINOVAFAPI,COLÉGIO CPI - CENTRO,Serviço Social,Bacharelado,Curso a Distância,290.00,1,,,,538.12,,,
PI,Teresina,"Faculdade de Tecnologia, Educação Superior e Profissional - FATESP",CAMPUS PRINCIPAL - Centro,Serviço Social,Bacharelado,Matutino,375.25,1,,,,577.52,,,
PI,Teresina,"Faculdade de Tecnologia, Educação Superior e Profissional - FATESP",CAMPUS PRINCIPAL - Centro,Serviço Social,Bacharelado,Noturno,375.25,1,,,,542.42,,,
PI,Teresina,Faculdade do Piauí - FAPI,CAMPUS  - TERESINA - FÁTIMA - Fátima,Serviço Social,Bacharelado,Noturno,430.76,10,4,,,574.70,566.84,,
PI,Teresina,Faculdade do Piauí - FAPI,CAMPUS  - TERESINA - FÁTIMA - Fátima,Serviço Social,Bacharelado,Matutino,414.36,2,1,,,596.78,576.78,,
PI,Teresina,Faculdade Uninassau Aliança,CAMPUS  - TERESINA - CENTRO - Centro,Serviço Social,Bacharelado,Matutino,576.00,3,1,,,627.54,601.56,,
PI,Teresina,Faculdade Unirb - Piauí,CAMPUS PRINCIPAL - Centro,Serviço Social,Bacharelado,Matutino,450.00,1,,2,1,577.60,,557.06,572.30
PI,Teresina,Faculdade Unirb - Piauí,CAMPUS PRINCIPAL - Centro,Serviço Social,Bacharelado,Noturno,450.00,1,,2,1,578.94,,541.08,526.84
PI,Teresina,Universidade Anhanguera - UNIDERP,TERESINA/PI (7239) - Itararé,Serviço Social,Bacharelado,Curso a Distância,209.00,2,1,,,541.34,532.52,,
PI,Teresina,Universidade Anhanguera - UNIDERP,TERESINA/PI II(2008394) - Dirceu II,Serviço Social,Bacharelado,Curso a Distância,209.00,10,3,,,545.04,533.56,,
PI,Teresina,Universidade Paulista - UNIP,TERESINA I - Centro,Serviço Social,Bacharelado,Curso a Distância,249.00,12,4,,,563.60,543.30,,
PI,Teresina,Universidade Paulista - UNIP,TERESINA II - Centro,Serviço Social,Bacharelado,Curso a Distância,319.00,1,1,,,572.08,539.46,,
PI,Parnaiba,Faculdade Uninassau Parnaíba,FACULDADE PIAUIENSE - Floriópolis,Sistema de Informação,Bacharelado,Noturno,619.75,5,2,,,627.94,576.10,,
PI,Teresina,Centro de Ensino Unificado do Piauí - Ceupi - CEUPI,CENTRO DE ENSINO UNIFICADO DO PIAUÍ - CEUPI - Jockey Club,Sistemas de Informação,Bacharelado,Vespertino,669.60,1,1,3,51,581.70,577.80,450.00,504.72
PI,Teresina,Centro de Ensino Unificado do Piauí - Ceupi - CEUPI,CENTRO DE ENSINO UNIFICADO DO PIAUÍ - CEUPI - Jockey Club,Sistemas de Informação,Bacharelado,Noturno,669.60,1,1,3,51,587.46,565.20,450.00,514.46
PI,Teresina,Centro Universitário Cenecista de Osório - Unicnec - UNICNEC,POLO - TERESINA - Teresina,Sistemas de Informação,Bacharelado,Curso a Distância,333.00,1,,,,571.36,,,
PI,Teresina,Faculdade Integral Diferencial - FACID,UNIDADE SEDE - Horto Florestal,Sistemas de Informação,Bacharelado,Matutino,835.33,1,,,,561.76,,,
PI,Teresina,Faculdade Integral Diferencial - FACID,UNIDADE SEDE - Horto Florestal,Sistemas de Informação,Bacharelado,Noturno,835.33,,,,18,,,470.42,
PI,Teresina,Faculdade Uninassau Teresina,CAMPUS  - TERESINA - JOQUEI CLUBE - Joquei Clube,Sistemas de Informação,Bacharelado,Noturno,619.49,3,1,,,587.56,585.14,,
PI,Floriano,Centro Universitário Internacional - Uninter - UNINTER,PAP FLORIANO - Centro,Sociologia,Licenciatura,Curso a Distância,230.00,,,1,,,,562.44,
PI,Teresina,Universidade Paulista - UNIP,TERESINA II - Centro,Sociologia,Licenciatura,Curso a Distância,149.00,1,,,,573.32,,,
PI,Floriano,Centro Universitário Claretiano - Ceuclar - CEUCLAR,POLO CLARETIANO DE FLORIANO - Centro,Teologia,Bacharelado,Curso a Distância,411.20,1,,,,614.32,,,
PI,Teresina,Centro Universitário Cenecista de Osório - Unicnec - UNICNEC,POLO - TERESINA - Teresina,Teologia,Bacharelado,Curso a Distância,333.00,1,,,,625.92,,,
PI,Teresina,Faculdade Integral Diferencial - FACID,UNIDADE SEDE - Horto Florestal,Terapia Ocupacional,Bacharelado,Matutino,913.63,1,,,,606.30,,,
PI,Teresina,Faculdade Integral Diferencial - FACID,UNIDADE SEDE - Horto Florestal,Terapia Ocupacional,Bacharelado,Vespertino,913.63,,,,18,,,520.88,
PI,Teresina,Faculdade de Administração de Teresina - FAT,FÁTIMA - FÁTIMA,Turismo,Bacharelado,Noturno,409.11,2,1,,,559.98,560.80,,
PI,Teresina,Faculdade do Piauí - FAPI,CAMPUS  - TERESINA - FÁTIMA - Fátima,Turismo,Bacharelado,Matutino,387.47,2,1,,,563.22,559.54,,
